d,te,ve
10,0.2103724418456845,0.21061999406704246
9,0.24126096351849502,0.24147137347967962
8,0.22282954112113895,0.2192227825571047
7,0.23401550781746538,0.23405517650548802
6,0.22905809075886618,0.23909819044793834
5,0.2382102453285878,0.23864648263579702
4,0.23147324265920932,0.23880154256897068
3,0.234269734333291,0.23435182438445568
2,0.23554086691241893,0.24651438742212994





