d,te,ve
34,0.2203724418456845,0.24061999406704246
26,0.23126096351849502,0.24147137347967962
22,0.23282954112113895,0.2442227825571047
18,0.23401550781746538,0.24405517650548802
16,0.23705809075886618,0.24709819044793834
12,0.2382102453285878,0.24864648263579702
8,0.23847324265920932,0.24880154256897068
4,0.239269734333291,0.240269734333291
2,0.23554086691241893,0.23654086691241893